Timestamp,Latitude,Longitude,Fix_Status,Fix_Description
2025-08-06 17:05:38,50.9324078,6.98612,2,DGNSS
2025-08-06 17:05:39,50.9324068,6.9861185,2,DGNSS
2025-08-06 17:05:40,50.9324067,6.9861185,2,DGNSS
2025-08-06 17:05:41,50.9324068,6.9861187,2,DGNSS
2025-08-06 17:06:00,50.932407,6.9861185,2,DGNSS
2025-08-06 17:06:00,50.9324073,6.9861168,2,DGNSS
2025-08-06 17:06:00,50.9324077,6.9861155,2,DGNSS
2025-08-06 17:06:00,50.9324078,6.9861157,2,DGNSS
2025-08-06 17:06:00,50.9324077,6.9861152,2,DGNSS
2025-08-06 17:06:00,50.9324075,6.9861148,2,DGNSS
2025-08-06 17:06:00,50.9324083,6.986114,2,DGNSS
2025-08-06 17:06:00,50.9324083,6.9861133,2,DGNSS
2025-08-06 17:06:00,50.9324085,6.9861137,2,DGNSS
2025-08-06 17:06:00,50.9324087,6.986114,2,DGNSS
2025-08-06 17:06:00,50.932409,6.9861145,2,DGNSS
2025-08-06 17:06:00,50.9324095,6.9861148,2,DGNSS
2025-08-06 17:06:00,50.9324097,6.9861148,2,DGNSS
2025-08-06 17:06:00,50.93241,6.9861148,2,DGNSS
2025-08-06 17:06:00,50.93241,6.9861147,2,DGNSS
2025-08-06 17:06:00,50.93241,6.9861145,2,DGNSS
2025-08-06 17:06:00,50.9324127,6.98611,2,DGNSS
2025-08-06 17:06:01,50.9324145,6.9861082,2,DGNSS
2025-08-06 17:06:02,50.9324152,6.9861075,2,DGNSS
2025-08-06 17:06:03,50.9324155,6.9861072,2,DGNSS
2025-08-06 17:06:04,50.9324162,6.9861062,2,DGNSS
2025-08-06 17:06:05,50.9324162,6.9861058,2,DGNSS
2025-08-06 17:06:06,50.9324162,6.986106,2,DGNSS
2025-08-06 17:06:07,50.9324162,6.986106,2,DGNSS
2025-08-06 17:06:08,50.9324162,6.9861058,2,DGNSS
2025-08-06 17:06:09,50.9324165,6.9861058,2,DGNSS
2025-08-06 17:06:10,50.9324168,6.9861053,2,DGNSS
2025-08-06 17:06:11,50.9324173,6.9861053,2,DGNSS
2025-08-06 17:06:12,50.9324177,6.9861055,2,DGNSS
2025-08-06 17:06:13,50.9324182,6.9861053,2,DGNSS
2025-08-06 17:06:14,50.9324183,6.9861053,2,DGNSS
2025-08-06 17:06:15,50.9324187,6.9861052,2,DGNSS
2025-08-06 17:06:16,50.932419,6.986105,2,DGNSS
2025-08-06 17:06:17,50.9324193,6.9861048,2,DGNSS
2025-08-06 17:06:18,50.9324197,6.9861048,2,DGNSS
2025-08-06 17:06:19,50.93242,6.9861048,2,DGNSS
2025-08-06 17:06:20,50.9324203,6.9861047,2,DGNSS
2025-08-06 17:06:21,50.9324207,6.9861047,2,DGNSS
2025-08-06 17:06:22,50.932421,6.9861048,2,DGNSS
2025-08-06 17:06:23,50.932421,6.9861043,2,DGNSS
2025-08-06 17:06:24,50.9324212,6.9861043,2,DGNSS
2025-08-06 17:06:25,50.9324215,6.986104,2,DGNSS
2025-08-06 17:06:26,50.9324213,6.9861045,2,DGNSS
2025-08-06 17:06:27,50.9324212,6.986104,2,DGNSS
2025-08-06 17:06:28,50.9324207,6.9861025,2,DGNSS
2025-08-06 17:06:29,50.9324208,6.9861028,2,DGNSS
2025-08-06 17:06:30,50.932421,6.9861013,2,DGNSS
2025-08-06 17:06:31,50.93242,6.9861005,2,DGNSS
2025-08-06 17:06:32,50.9324195,6.9861007,2,DGNSS
2025-08-06 17:06:52,50.9324198,6.9861012,2,DGNSS
2025-08-06 17:06:52,50.9324198,6.9861015,2,DGNSS
2025-08-06 17:06:52,50.9324198,6.9861008,2,DGNSS
2025-08-06 17:06:52,50.9324193,6.9861017,2,DGNSS
2025-08-06 17:06:52,50.9324187,6.9861023,2,DGNSS
2025-08-06 17:06:52,50.9324185,6.986102,2,DGNSS
2025-08-06 17:06:52,50.9324182,6.9861017,2,DGNSS
2025-08-06 17:06:52,50.9324178,6.9861032,2,DGNSS
2025-08-06 17:06:52,50.9324175,6.9861028,2,DGNSS
2025-08-06 17:06:52,50.9324162,6.9861027,2,DGNSS
2025-08-06 17:06:52,50.9324152,6.9861025,2,DGNSS
2025-08-06 17:06:52,50.9324145,6.9861012,150651.00,Unbekannt
2025-08-06 17:06:53,50.932415,6.9861007,2,DGNSS
2025-08-06 17:06:54,50.9324152,6.9861003,2,DGNSS
2025-08-06 17:06:55,50.932415,6.9861005,2,DGNSS
2025-08-06 17:06:56,50.9324148,6.9861007,2,DGNSS
2025-08-06 17:06:57,50.9324148,6.9861005,2,DGNSS
2025-08-06 17:06:58,50.9324148,6.9861,2,DGNSS
2025-08-06 17:06:59,50.9324147,6.9861,2,DGNSS
2025-08-06 17:07:00,50.9324145,6.9861,2,DGNSS
2025-08-06 17:07:01,50.9324145,6.9861002,2,DGNSS
2025-08-06 17:07:02,50.9324143,6.9861002,2,DGNSS
2025-08-06 17:07:03,50.9324142,6.9861,2,DGNSS
2025-08-06 17:07:04,50.9324133,6.9860998,2,DGNSS
2025-08-06 17:07:05,50.9324122,6.9861,2,DGNSS
2025-08-06 17:07:06,50.9324118,6.9861003,2,DGNSS
2025-08-06 17:07:07,50.9324118,6.9861002,2,DGNSS
2025-08-06 17:07:08,50.9324118,6.9861003,2,DGNSS
2025-08-06 17:07:09,50.9324117,6.9861003,2,DGNSS
2025-08-06 17:07:10,50.9324117,6.9861003,2,DGNSS
2025-08-06 17:07:11,50.9324117,6.9861002,2,DGNSS
2025-08-06 17:07:12,50.9324117,6.9861002,2,DGNSS
2025-08-06 17:07:13,50.9324117,6.9861002,2,DGNSS
2025-08-06 17:07:14,50.9324118,6.9861002,2,DGNSS
2025-08-06 17:07:15,50.932412,6.9861002,2,DGNSS
2025-08-06 17:07:35,50.932412,6.9861,2,DGNSS
2025-08-06 17:07:35,50.9324118,6.9861,2,DGNSS
2025-08-06 17:07:35,50.932412,6.9861,2,DGNSS
2025-08-06 17:07:35,50.932412,6.9861003,2,DGNSS
2025-08-06 17:07:35,50.9324122,6.9861003,2,DGNSS
2025-08-06 17:07:35,50.932412,6.9861002,2,DGNSS
2025-08-06 17:07:35,50.9324118,6.9861,2,DGNSS
2025-08-06 17:07:35,50.932412,6.9860998,2,DGNSS
2025-08-06 17:07:35,50.932412,6.9860997,2,DGNSS
2025-08-06 17:07:35,50.9324122,6.9860997,2,DGNSS
2025-08-06 17:07:35,50.9324123,6.9860992,2,DGNSS
2025-08-06 17:07:35,50.9324123,6.9860992,2,DGNSS
2025-08-06 17:07:35,50.9324142,6.9860995,2,DGNSS
2025-08-06 17:07:35,50.9324227,6.9861015,2,DGNSS
2025-08-06 17:07:35,50.9324373,6.9861062,2,DGNSS
2025-08-06 17:07:35,50.9324553,6.9861112,2,DGNSS
2025-08-06 17:07:35,50.9324737,6.986117,2,DGNSS
2025-08-06 17:07:35,50.932465,6.9861095,2,DGNSS
2025-08-06 17:07:36,50.9324535,6.9861048,2,DGNSS
2025-08-06 17:07:37,50.932442,6.9860988,2,DGNSS
2025-08-06 17:07:38,50.9324318,6.986093,2,DGNSS
2025-08-06 17:07:39,50.9324223,6.9860903,2,DGNSS
2025-08-06 17:07:40,50.9324157,6.9860927,2,DGNSS
2025-08-06 17:07:41,50.932413,6.986097,2,DGNSS
2025-08-06 17:07:42,50.9324125,6.9860988,2,DGNSS
2025-08-06 17:07:43,50.9324127,6.9860993,2,DGNSS
2025-08-06 17:07:44,50.932413,6.986098,2,DGNSS
2025-08-06 17:07:45,50.9324128,6.9860972,2,DGNSS
2025-08-06 17:07:46,50.9324118,6.9860972,2,DGNSS
2025-08-06 17:07:47,50.9324115,6.986097,2,DGNSS
2025-08-06 17:07:48,50.9324113,6.9860972,2,DGNSS
2025-08-06 17:07:49,50.9324112,6.9860973,2,DGNSS
2025-08-06 17:07:50,50.9324113,6.9860975,2,DGNSS
2025-08-06 17:07:51,50.9324115,6.9860978,2,DGNSS
2025-08-06 17:07:52,50.9324113,6.9860975,2,DGNSS
2025-08-06 17:07:53,50.9324125,6.986098,2,DGNSS
2025-08-06 17:07:54,50.9324143,6.9860983,2,DGNSS
2025-08-06 17:08:13,50.9324153,6.9860998,2,DGNSS
2025-08-06 17:08:13,50.9324222,6.9861037,2,DGNSS
2025-08-06 17:08:13,50.9324347,6.9861087,2,DGNSS
2025-08-06 17:08:13,50.9324497,6.9861165,2,DGNSS
2025-08-06 17:08:13,50.932463,6.9861215,2,DGNSS
2025-08-06 17:08:13,50.93248,6.9861252,4,RTK Fix
2025-08-06 17:08:13,50.9324932,6.986128,4,RTK Fix
2025-08-06 17:08:14,50.9325037,6.9861303,4,RTK Fix
2025-08-06 17:08:14,50.9325063,6.9861315,4,RTK Fix
2025-08-06 17:08:14,50.9325055,6.9861367,4,RTK Fix
2025-08-06 17:08:14,50.9325092,6.9861497,4,RTK Fix
2025-08-06 17:08:14,50.9325183,6.9861558,4,RTK Fix
2025-08-06 17:08:14,50.932527,6.9861473,4,RTK Fix
2025-08-06 17:08:14,50.9325275,6.9861317,4,RTK Fix
2025-08-06 17:08:14,50.9325203,6.9861217,4,RTK Fix
2025-08-06 17:08:14,50.9325093,6.986118,4,RTK Fix
2025-08-06 17:08:14,50.9324992,6.9861153,4,RTK Fix
2025-08-06 17:08:14,50.932489,6.9861143,4,RTK Fix
2025-08-06 17:08:15,50.9324783,6.9861133,4,RTK Fix
2025-08-06 17:08:15,50.9324683,6.9861118,4,RTK Fix
2025-08-06 17:08:16,50.9324583,6.9861105,4,RTK Fix
2025-08-06 17:08:17,50.9324503,6.9861297,4,RTK Fix
2025-08-06 17:08:18,50.9324422,6.9861267,4,RTK Fix
2025-08-06 17:08:19,50.9324353,6.9861252,4,RTK Fix
2025-08-06 17:08:20,50.9324305,6.9861253,4,RTK Fix
2025-08-06 17:08:21,50.9324298,6.986127,4,RTK Fix
2025-08-06 17:08:22,50.9324298,6.9861323,4,RTK Fix
2025-08-06 17:08:23,50.9324285,6.9861413,4,RTK Fix
2025-08-06 17:08:24,50.9324268,6.9861483,4,RTK Fix
2025-08-06 17:08:25,50.9324263,6.9861485,4,RTK Fix
2025-08-06 17:08:26,50.9324265,6.9861483,4,RTK Fix
2025-08-06 17:08:27,50.9324248,6.9861513,4,RTK Fix
2025-08-06 17:08:28,50.9324213,6.9861612,4,RTK Fix
2025-08-06 17:08:29,50.9324183,6.9861772,4,RTK Fix
2025-08-06 17:08:30,50.9324142,6.986192,4,RTK Fix
2025-08-06 17:08:31,50.932411,6.9862098,4,RTK Fix
2025-08-06 17:08:32,50.9324095,6.9862282,4,RTK Fix
2025-08-06 17:08:33,50.932409,6.9862472,4,RTK Fix
2025-08-06 17:08:34,50.9324085,6.9862652,4,RTK Fix
2025-08-06 17:08:54,50.932406,6.9863013,4,RTK Fix
2025-08-06 17:08:59,50.9324018,6.9863377,4,RTK Fix
2025-08-06 17:08:59,50.9323998,6.9863567,4,RTK Fix
2025-08-06 17:08:59,50.9323977,6.9863757,4,RTK Fix
2025-08-06 17:08:59,50.9323957,6.986395,4,RTK Fix
2025-08-06 17:08:59,50.9323918,6.9864332,4,RTK Fix
2025-08-06 17:08:59,50.93239,6.9864527,4,RTK Fix
2025-08-06 17:08:59,50.9323875,6.9864723,4,RTK Fix
2025-08-06 17:08:59,50.9323852,6.9864925,4,RTK Fix
2025-08-06 17:08:59,50.9323827,6.9865117,4,RTK Fix
2025-08-06 17:08:59,50.9323797,6.986531,4,RTK Fix
2025-08-06 17:08:59,50.9323768,6.9865503,4,RTK Fix
2025-08-06 17:08:59,50.9323605,6.9866645,4,RTK Fix
2025-08-06 17:08:59,50.9323587,6.9866802,4,RTK Fix
2025-08-06 17:08:59,50.9323593,6.9866845,4,RTK Fix
2025-08-06 17:08:59,50.932359,6.9866855,4,RTK Fix
2025-08-06 17:08:59,50.932359,6.9866852,4,RTK Fix
2025-08-06 17:09:00,50.9323592,6.986685,4,RTK Fix
2025-08-06 17:09:01,50.9323592,6.986685,4,RTK Fix
2025-08-06 17:09:04,50.9323593,6.986685,4,RTK Fix
2025-08-06 17:09:04,50.9323593,6.9866848,4,RTK Fix
2025-08-06 17:09:04,50.9323593,6.9866848,4,RTK Fix
2025-08-06 17:09:05,50.9323595,6.986685,4,RTK Fix
2025-08-06 17:09:06,50.9323625,6.9866855,4,RTK Fix
2025-08-06 17:09:27,50.9323715,6.9866897,4,RTK Fix
2025-08-06 17:09:28,50.9323765,6.9866918,4,RTK Fix
2025-08-06 17:09:29,50.9323822,6.9866938,4,RTK Fix
2025-08-06 17:09:29,50.932388,6.9866958,4,RTK Fix
2025-08-06 17:09:30,50.9323933,6.9866983,4,RTK Fix
2025-08-06 17:09:53,50.932399,6.9867007,4,RTK Fix
2025-08-06 17:09:53,50.9324048,6.9867028,4,RTK Fix
2025-08-06 17:09:56,50.9324098,6.9867052,4,RTK Fix
2025-08-06 17:09:56,50.9324155,6.986707,4,RTK Fix
2025-08-06 17:09:56,50.9324208,6.986709,4,RTK Fix
2025-08-06 17:09:56,50.9324263,6.9867115,4,RTK Fix
2025-08-06 17:09:57,50.9324323,6.986714,4,RTK Fix
2025-08-06 17:09:57,50.9324382,6.986716,4,RTK Fix
2025-08-06 17:09:57,50.932485,6.9867337,4,RTK Fix
2025-08-06 17:09:58,50.9324907,6.9867362,4,RTK Fix
2025-08-06 17:09:58,50.9324968,6.9867385,4,RTK Fix
2025-08-06 17:09:58,50.9325028,6.9867408,4,RTK Fix
2025-08-06 17:10:00,50.9325087,6.986743,4,RTK Fix
2025-08-06 17:10:00,50.9325152,6.9867462,4,RTK Fix
2025-08-06 17:10:00,50.9325218,6.9867483,4,RTK Fix
2025-08-06 17:10:00,50.932528,6.9867515,4,RTK Fix
2025-08-06 17:10:00,50.9326287,6.986791,4,RTK Fix
2025-08-06 17:10:01,50.9326353,6.9867935,4,RTK Fix
2025-08-06 17:10:02,50.9326413,6.9867958,4,RTK Fix
2025-08-06 17:10:03,50.9326477,6.9867982,4,RTK Fix
2025-08-06 17:10:03,50.932654,6.9868005,4,RTK Fix
2025-08-06 17:13:33,50.9327125,6.9860688,4,RTK Fix
2025-08-06 17:13:34,50.9327125,6.9860667,4,RTK Fix
2025-08-06 17:13:35,50.9327127,6.9860658,4,RTK Fix
2025-08-06 17:13:36,50.9327125,6.9860658,4,RTK Fix
2025-08-06 17:13:38,50.9327127,6.986066,4,RTK Fix
2025-08-06 17:13:38,50.9327118,6.9860657,4,RTK Fix
2025-08-06 17:13:39,50.9327078,6.9860722,4,RTK Fix
2025-08-06 17:13:40,50.9326997,6.9860765,4,RTK Fix
2025-08-06 17:13:41,50.9326895,6.9860805,4,RTK Fix
2025-08-06 17:13:42,50.932679,6.9860827,4,RTK Fix
2025-08-06 17:13:43,50.932669,6.9860855,4,RTK Fix
2025-08-06 17:13:44,50.9326582,6.9860883,4,RTK Fix
2025-08-06 17:13:45,50.9326467,6.9860903,4,RTK Fix
2025-08-06 17:13:46,50.932634,6.9860912,4,RTK Fix
2025-08-06 17:13:47,50.9326232,6.986092,4,RTK Fix
2025-08-06 17:13:48,50.9326128,6.9860923,4,RTK Fix
2025-08-06 17:13:49,50.9326028,6.9860923,4,RTK Fix
2025-08-06 17:13:50,50.9325928,6.9860925,4,RTK Fix
2025-08-06 17:13:51,50.932583,6.9860932,4,RTK Fix
2025-08-06 17:13:52,50.9325735,6.9860942,4,RTK Fix
2025-08-06 17:13:53,50.9325638,6.986096,4,RTK Fix
2025-08-06 17:13:54,50.9325543,6.9860985,4,RTK Fix
2025-08-06 17:13:55,50.9325448,6.9861003,4,RTK Fix
2025-08-06 17:13:56,50.932535,6.986102,4,RTK Fix
2025-08-06 17:13:57,50.9325252,6.9861052,4,RTK Fix
2025-08-06 17:13:58,50.9325167,6.9861085,4,RTK Fix
2025-08-06 17:13:59,50.9325062,6.9861127,4,RTK Fix
2025-08-06 17:14:19,50.9324852,6.986119,4,RTK Fix
2025-08-06 17:14:19,50.9324748,6.986123,4,RTK Fix
2025-08-06 17:14:19,50.9324647,6.9861268,4,RTK Fix
2025-08-06 17:14:19,50.9324547,6.9861317,4,RTK Fix
2025-08-06 17:14:19,50.9324445,6.9861347,4,RTK Fix
2025-08-06 17:14:19,50.9324363,6.986136,4,RTK Fix
2025-08-06 17:14:19,50.93243,6.986137,4,RTK Fix
2025-08-06 17:14:19,50.9324265,6.9861395,4,RTK Fix
2025-08-06 17:14:19,50.9324273,6.9861397,4,RTK Fix
2025-08-06 17:14:19,50.9324253,6.9861432,4,RTK Fix
2025-08-06 17:14:19,50.932424,6.9861442,4,RTK Fix
2025-08-06 17:14:19,50.932424,6.986144,4,RTK Fix
2025-08-06 17:14:19,50.9324242,6.9861437,4,RTK Fix
2025-08-06 17:14:19,50.9324243,6.9861435,4,RTK Fix
2025-08-06 17:14:19,50.9324245,6.9861435,4,RTK Fix
2025-08-06 17:14:20,50.9324248,6.9861432,4,RTK Fix
2025-08-06 17:14:21,50.9324253,6.9861433,4,RTK Fix
2025-08-06 17:14:22,50.9324252,6.9861438,4,RTK Fix
2025-08-06 17:14:23,50.9324248,6.9861438,4,RTK Fix
2025-08-06 17:14:24,50.9324272,6.986142,4,RTK Fix
2025-08-06 17:14:25,50.9324302,6.986144,4,RTK Fix
2025-08-06 17:14:26,50.9324338,6.9861472,4,RTK Fix
2025-08-06 17:14:27,50.9324378,6.9861522,4,RTK Fix
2025-08-06 17:14:28,50.9324385,6.9861583,4,RTK Fix
2025-08-06 17:14:29,50.9324348,6.9861558,4,RTK Fix
2025-08-06 17:14:30,50.9324297,6.9861552,4,RTK Fix
2025-08-06 17:14:31,50.9324243,6.9861563,4,RTK Fix
2025-08-06 17:14:32,50.9324178,6.9861545,4,RTK Fix
2025-08-06 17:14:33,50.9324127,6.9861515,2,DGNSS
2025-08-06 17:14:34,50.9324102,6.9861467,2,DGNSS
2025-08-06 17:14:35,50.9324088,6.9861442,2,DGNSS
2025-08-06 17:14:36,50.93241,6.9861442,2,DGNSS
2025-08-06 17:14:37,50.932416,6.98615,2,DGNSS
2025-08-06 17:14:38,50.9324237,6.9861572,2,DGNSS
2025-08-06 17:14:39,50.93243,6.9861608,2,DGNSS
2025-08-06 17:14:40,50.9324357,6.9861622,2,DGNSS
2025-08-06 17:14:41,50.9324443,6.9861632,2,DGNSS
2025-08-06 17:14:42,50.9324543,6.9861653,2,DGNSS
2025-08-06 17:14:43,50.9324633,6.9861698,2,DGNSS
2025-08-06 17:14:44,50.9324722,6.9861755,2,DGNSS
2025-08-06 17:14:45,50.9324812,6.9861812,2,DGNSS
2025-08-06 17:14:46,50.9324908,6.9861863,2,DGNSS
2025-08-06 17:14:47,50.9325008,6.9861922,2,DGNSS
2025-08-06 17:14:48,50.9325105,6.9861955,2,DGNSS
2025-08-06 17:14:49,50.932521,6.9861965,2,DGNSS
2025-08-06 17:14:50,50.9325318,6.9861972,2,DGNSS
2025-08-06 17:14:51,50.9325422,6.9861972,2,DGNSS
2025-08-06 17:14:52,50.9325525,6.9861972,2,DGNSS
2025-08-06 17:14:53,50.9325632,6.9861997,2,DGNSS
2025-08-06 17:14:54,50.9325737,6.9862032,2,DGNSS
2025-08-06 17:14:55,50.9325837,6.9862055,2,DGNSS
2025-08-06 17:14:56,50.9325935,6.9862075,2,DGNSS
2025-08-06 17:14:57,50.9326035,6.9862103,2,DGNSS
2025-08-06 17:14:58,50.932614,6.9862123,2,DGNSS
2025-08-06 17:14:59,50.9326243,6.9862137,2,DGNSS
2025-08-06 17:15:00,50.932635,6.9862122,2,DGNSS
2025-08-06 17:15:01,50.9326463,6.9862118,2,DGNSS
2025-08-06 17:15:02,50.932658,6.9862127,2,DGNSS
2025-08-06 17:15:03,50.932669,6.986213,2,DGNSS
2025-08-06 17:15:04,50.93268,6.9862127,2,DGNSS
2025-08-06 17:15:05,50.9326912,6.9862118,2,DGNSS
2025-08-06 17:15:06,50.9327018,6.9862108,2,DGNSS
2025-08-06 17:15:07,50.9327122,6.9862097,2,DGNSS
2025-08-06 17:15:08,50.9327223,6.986207,2,DGNSS
2025-08-06 17:15:09,50.9327323,6.9862037,2,DGNSS
2025-08-06 17:15:10,50.9327387,6.9862032,2,DGNSS
2025-08-06 17:15:11,50.932746,6.9862002,2,DGNSS
2025-08-06 17:15:12,50.9327525,6.9861925,2,DGNSS
2025-08-06 17:15:13,50.9327588,6.9861822,2,DGNSS
2025-08-06 17:15:14,50.9327657,6.9861707,2,DGNSS
2025-08-06 17:15:15,50.9327737,6.9861593,2,DGNSS
2025-08-06 17:15:16,50.9327833,6.9861508,2,DGNSS
2025-08-06 17:15:17,50.9327945,6.986146,2,DGNSS
2025-08-06 17:15:18,50.9328057,6.9861447,2,DGNSS
2025-08-06 17:15:19,50.9328165,6.9861472,2,DGNSS
2025-08-06 17:15:20,50.9328268,6.9861533,2,DGNSS
2025-08-06 17:15:21,50.9328358,6.9861615,2,DGNSS
2025-08-06 17:15:22,50.9328447,6.9861702,2,DGNSS
2025-08-06 17:15:23,50.9328517,6.9861813,2,DGNSS
2025-08-06 17:15:24,50.9328572,6.9861933,2,DGNSS
2025-08-06 17:15:25,50.9328623,6.986206,2,DGNSS
2025-08-06 17:15:26,50.9328653,6.9862208,2,DGNSS
2025-08-06 17:15:27,50.9328672,6.9862343,2,DGNSS
2025-08-06 17:15:28,50.9328702,6.9862407,2,DGNSS
2025-08-06 17:15:29,50.932873,6.986248,2,DGNSS
2025-08-06 17:15:30,50.932876,6.9862583,2,DGNSS
2025-08-06 17:15:31,50.932881,6.9862508,2,DGNSS
2025-08-06 17:15:32,50.932888,6.9862517,2,DGNSS
2025-08-06 17:15:33,50.932895,6.9862498,2,DGNSS
2025-08-06 17:15:34,50.9329017,6.9862452,2,DGNSS
2025-08-06 17:15:35,50.9329075,6.9862403,2,DGNSS
2025-08-06 17:15:36,50.9329132,6.9862363,2,DGNSS
2025-08-06 17:15:37,50.9329148,6.9862353,2,DGNSS
2025-08-06 17:15:38,50.932915,6.986235,2,DGNSS
2025-08-06 17:15:39,50.9329157,6.9862345,2,DGNSS
2025-08-06 17:15:40,50.9329162,6.9862345,2,DGNSS
2025-08-06 17:15:41,50.9329163,6.986234,2,DGNSS
2025-08-06 17:15:42,50.9329167,6.9862335,2,DGNSS
2025-08-06 17:15:43,50.9329168,6.9862335,2,DGNSS
2025-08-06 17:15:44,50.9329175,6.9862337,2,DGNSS
2025-08-06 17:15:45,50.9329182,6.9862338,2,DGNSS
2025-08-06 17:15:46,50.9329183,6.9862335,2,DGNSS
2025-08-06 17:15:47,50.9329185,6.9862335,2,DGNSS
2025-08-06 17:15:48,50.9329185,6.9862337,2,DGNSS
2025-08-06 17:15:49,50.9329185,6.9862337,2,DGNSS
2025-08-06 17:15:50,50.9329185,6.9862337,2,DGNSS
2025-08-06 17:15:51,50.9329187,6.9862338,2,DGNSS
2025-08-06 17:15:52,50.9329187,6.9862342,2,DGNSS
2025-08-06 17:15:53,50.9329188,6.986234,2,DGNSS
2025-08-06 17:15:54,50.9329187,6.986234,2,DGNSS
2025-08-06 17:15:55,50.9329187,6.9862343,2,DGNSS
2025-08-06 17:15:56,50.9329188,6.9862343,2,DGNSS
2025-08-06 17:15:57,50.9329188,6.9862343,2,DGNSS
2025-08-06 17:15:58,50.9329188,6.9862345,2,DGNSS
2025-08-06 17:15:59,50.932919,6.9862345,2,DGNSS
2025-08-06 17:16:00,50.932919,6.9862347,2,DGNSS
2025-08-06 17:16:01,50.932919,6.9862348,2,DGNSS
2025-08-06 17:16:02,50.9329188,6.9862348,2,DGNSS
2025-08-06 17:16:03,50.9329188,6.9862353,2,DGNSS
2025-08-06 17:16:04,50.932919,6.986235,2,DGNSS
2025-08-06 17:16:05,50.9329188,6.9862353,2,DGNSS
2025-08-06 17:16:06,50.932914,6.9862418,2,DGNSS
2025-08-06 17:16:07,50.9329103,6.9862448,2,DGNSS
2025-08-06 17:16:08,50.9329062,6.986255,2,DGNSS
2025-08-06 17:16:09,50.9329052,6.986262,2,DGNSS
2025-08-06 17:16:10,50.9329072,6.9862573,2,DGNSS
2025-08-06 17:16:11,50.932912,6.9862525,2,DGNSS
2025-08-06 17:16:12,50.9329157,6.9862492,2,DGNSS
2025-08-06 17:16:13,50.9329175,6.9862482,2,DGNSS
2025-08-06 17:16:14,50.9329178,6.986248,2,DGNSS
2025-08-06 17:16:15,50.932918,6.9862482,2,DGNSS
2025-08-06 17:16:16,50.932918,6.9862478,2,DGNSS
2025-08-06 17:16:17,50.9329178,6.9862478,2,DGNSS
2025-08-06 17:16:18,50.9329168,6.9862487,2,DGNSS
2025-08-06 17:16:19,50.9329157,6.9862495,2,DGNSS
2025-08-06 17:16:20,50.9329155,6.9862492,2,DGNSS
2025-08-06 17:16:21,50.9329162,6.9862487,2,DGNSS
2025-08-06 17:16:22,50.9329165,6.9862488,2,DGNSS
2025-08-06 17:16:23,50.9329168,6.9862492,2,DGNSS
2025-08-06 17:16:24,50.9329172,6.9862492,2,DGNSS
2025-08-06 17:16:25,50.9329175,6.9862492,2,DGNSS
2025-08-06 17:16:26,50.932918,6.986249,2,DGNSS
2025-08-06 17:16:27,50.9329183,6.9862488,2,DGNSS
2025-08-06 17:16:28,50.9329162,6.9862512,2,DGNSS
2025-08-06 17:16:29,50.9329167,6.9862515,2,DGNSS
2025-08-06 17:16:30,50.9329182,6.986248,2,DGNSS
2025-08-06 17:16:31,50.9329195,6.986246,2,DGNSS
2025-08-06 17:16:32,50.9329197,6.9862438,2,DGNSS
2025-08-06 17:16:33,50.9329193,6.9862423,2,DGNSS
2025-08-06 17:16:34,50.9329178,6.986246,2,DGNSS
2025-08-06 17:16:35,50.9329177,6.9862543,2,DGNSS
2025-08-06 17:16:36,50.9329185,6.9862598,2,DGNSS
2025-08-06 17:16:37,50.9329205,6.9862637,2,DGNSS
2025-08-06 17:16:38,50.9329227,6.9862642,2,DGNSS
2025-08-06 17:16:39,50.9329238,6.9862637,2,DGNSS
2025-08-06 17:16:40,50.932924,6.9862645,2,DGNSS
2025-08-06 17:16:41,50.932924,6.9862637,2,DGNSS
2025-08-06 17:16:42,50.9329238,6.986263,2,DGNSS
2025-08-06 17:16:43,50.9329237,6.9862633,2,DGNSS
2025-08-06 17:16:44,50.9329212,6.9862608,2,DGNSS
2025-08-06 17:16:45,50.9329193,6.9862535,2,DGNSS
2025-08-06 17:16:46,50.9329188,6.9862448,2,DGNSS
2025-08-06 17:16:47,50.9329182,6.9862355,2,DGNSS
2025-08-06 17:16:48,50.9329195,6.9862292,2,DGNSS
2025-08-06 17:16:49,50.9329213,6.9862232,2,DGNSS
2025-08-06 17:16:50,50.932924,6.9862205,2,DGNSS
2025-08-06 17:16:51,50.9329257,6.9862215,2,DGNSS
2025-08-06 17:16:52,50.932926,6.9862227,2,DGNSS
2025-08-06 17:17:18,50.9329188,6.9862245,2,DGNSS
2025-08-06 17:17:19,50.9329187,6.9862245,2,DGNSS
2025-08-06 17:17:20,50.9329183,6.9862243,2,DGNSS
2025-08-06 17:17:21,50.9329182,6.9862243,2,DGNSS
2025-08-06 17:17:22,50.932918,6.9862242,2,DGNSS
2025-08-06 17:17:23,50.9329177,6.986224,2,DGNSS
2025-08-06 17:17:24,50.9329185,6.986225,2,DGNSS
2025-08-06 17:17:25,50.9329187,6.9862253,2,DGNSS
2025-08-06 17:17:26,50.9329173,6.9862255,2,DGNSS
2025-08-06 17:17:27,50.9329158,6.9862285,2,DGNSS
2025-08-06 17:17:28,50.9329143,6.9862375,2,DGNSS
2025-08-06 17:17:29,50.9329135,6.986251,2,DGNSS
2025-08-06 17:17:30,50.9329128,6.9862648,2,DGNSS
2025-08-06 17:17:31,50.932915,6.986267,2,DGNSS
2025-08-06 17:17:32,50.9329157,6.986264,2,DGNSS
2025-08-06 17:17:33,50.932916,6.9862633,2,DGNSS
2025-08-06 17:17:34,50.9329158,6.9862637,2,DGNSS
2025-08-06 17:17:35,50.9328527,6.9862487,2,DGNSS
2025-08-06 17:17:39,50.9328962,6.9862787,5,RTK Float
2025-08-06 17:17:40,50.932896,6.9862692,5,RTK Float
2025-08-06 17:17:41,50.9328972,6.9862603,5,RTK Float
2025-08-06 17:17:42,50.9328977,6.986255,2,DGNSS
2025-08-06 17:17:43,50.9328935,6.9862538,5,RTK Float
2025-08-06 17:17:44,50.9328928,6.9862538,5,RTK Float
2025-08-06 17:17:45,50.9328913,6.9862537,5,RTK Float
2025-08-06 17:17:46,50.9328893,6.986253,5,RTK Float
2025-08-06 17:17:48,50.9326238,6.9861933,2,DGNSS
2025-08-06 17:17:49,50.9325797,6.986167,2,DGNSS
2025-08-06 17:17:50,50.9328502,6.9862488,5,RTK Float
2025-08-06 17:17:51,50.9328605,6.986249,5,RTK Float
2025-08-06 17:17:52,50.9328602,6.9862497,5,RTK Float
2025-08-06 17:17:53,50.932859,6.9862493,5,RTK Float
2025-08-06 17:17:54,50.9328545,6.9862483,5,RTK Float
2025-08-06 17:17:56,50.932615,6.9861468,2,DGNSS
2025-08-06 17:17:57,50.9328078,6.986245,5,RTK Float
2025-08-06 17:17:58,50.9328318,6.9862412,5,RTK Float
2025-08-06 17:17:59,50.932834,6.9862398,5,RTK Float
2025-08-06 17:18:00,50.932834,6.986239,5,RTK Float
2025-08-06 17:18:01,50.9328318,6.9862358,5,RTK Float
2025-08-06 17:18:02,50.932829,6.9862325,5,RTK Float
2025-08-06 17:18:03,50.9328275,6.9862315,5,RTK Float
2025-08-06 17:18:04,50.932827,6.986231,5,RTK Float
